year,month,period,tendays,Q_cms,era
1959,1,early,1,12.7,EIA
1960,1,early,1,12.01,EIA
1961,1,early,1,9.46,EIA
1962,1,early,1,14.39,EIA
1963,1,early,1,7.6,EIA
1964,1,early,1,8.61,EIA
1965,1,early,1,13.27,EIA
1966,1,early,1,8.38,EIA
1967,1,early,1,8.58,EIA
1968,1,early,1,14.17,EIA
1969,1,early,1,8.11,EIA
1970,1,early,1,9.51,EIA
1971,1,early,1,12.87,EIA
1972,1,early,1,20.03,EIA
1973,1,early,1,8.92,EIA
1974,1,early,1,6.87,EIA
1975,1,early,1,22.07,EIA
1976,1,early,1,12.83,EIA
1977,1,early,1,9.3,EIA
1978,1,early,1,14.96,EIA
1979,1,early,1,15.18,EIA
1980,1,early,1,8.24,EIA
1981,1,early,1,9.56,EIA
1982,1,early,1,10.5,EIA
1983,1,early,1,7.54,EIA
1984,1,early,1,7.8,EIA
1985,1,early,1,5.41,EIA
1986,1,early,1,6.91,EIA
1987,1,early,1,11.14,EIA
1988,1,early,1,9.53,EIA
1989,1,early,1,6.78,EIA
1990,1,early,1,15.8,EIA
1991,1,early,1,7.69,EIA
1992,1,early,1,12.11,EIA
1993,1,early,1,6.64,EIA
1994,1,early,1,8.72,EIA
1995,1,early,1,8.16,EIA
1996,1,early,1,6.6,EIA_Difference
1997,1,early,1,11.77,EIA_Difference
1998,1,early,1,4.8,EIA_Difference
1999,1,early,1,11.84,EIA_Difference
2000,1,early,1,7.92,EIA_Difference
2001,1,early,1,9.2,EIA_Difference
2002,1,early,1,7.95,EIA_Difference
2003,1,early,1,21.15,EIA_Difference
2004,1,early,1,18.49,EIA_Difference
2005,1,early,1,10.29,EIA_Difference
2006,1,early,1,13.29,Current
2007,1,early,1,8.58,Current
2008,1,early,1,8.16,Current
2009,1,early,1,9.75,Current
2010,1,early,1,9.84,Current
2011,1,early,1,9.58,Current
2012,1,early,1,15.91,Current
2013,1,early,1,3,Current
2014,1,early,1,11.28,Current
2015,1,early,1,9.8,Current
2016,1,early,1,12.92,Current
2017,1,early,1,15.43,Current
2018,1,early,1,27.05,Current
2019,1,early,1,10.4,Current
1959,1,mid,2,1,EIA
1960,1,mid,2,10.25,EIA
1961,1,mid,2,11.38,EIA
1962,1,mid,2,8.6,EIA
1963,1,mid,2,12.92,EIA
1964,1,mid,2,7.16,EIA
1965,1,mid,2,7.48,EIA
1966,1,mid,2,11.68,EIA
1967,1,mid,2,6.97,EIA
1968,1,mid,2,10.05,EIA
1969,1,mid,2,12.02,EIA
1970,1,mid,2,7.35,EIA
1971,1,mid,2,13.38,EIA
1972,1,mid,2,10.7,EIA
1973,1,mid,2,16.58,EIA
1974,1,mid,2,9.24,EIA
1975,1,mid,2,6.95,EIA
1976,1,mid,2,18.84,EIA
1977,1,mid,2,11.84,EIA
1978,1,mid,2,8.72,EIA
1979,1,mid,2,16.96,EIA
1980,1,mid,2,14.2,EIA
1981,1,mid,2,8.53,EIA
1982,1,mid,2,7.57,EIA
1983,1,mid,2,10.15,EIA
1984,1,mid,2,1,EIA
1985,1,mid,2,7.55,EIA
1986,1,mid,2,7.46,EIA
1987,1,mid,2,7.55,EIA
1988,1,mid,2,10.3,EIA
1989,1,mid,2,10.11,EIA
1990,1,mid,2,6.82,EIA
1991,1,mid,2,12.38,EIA
1992,1,mid,2,8.07,EIA
1993,1,mid,2,10.93,EIA
1994,1,mid,2,6,EIA
1995,1,mid,2,9.04,EIA
1996,1,mid,2,8.24,EIA_Difference
1997,1,mid,2,6.1,EIA_Difference
1998,1,mid,2,11.09,EIA_Difference
1999,1,mid,2,7.63,EIA_Difference
2000,1,mid,2,7.31,EIA_Difference
2001,1,mid,2,7.82,EIA_Difference
2002,1,mid,2,15.6,EIA_Difference
2003,1,mid,2,9.6,EIA_Difference
2004,1,mid,2,10.08,EIA_Difference
2005,1,mid,2,9.96,EIA_Difference
2006,1,mid,2,14.53,Current
2007,1,mid,2,81.07,Current
2008,1,mid,2,10.71,Current
2009,1,mid,2,8.2,Current
2010,1,mid,2,8.62,Current
2011,1,mid,2,9.22,Current
2012,1,mid,2,14.97,Current
2013,1,mid,2,3.68,Current
2014,1,mid,2,13.54,Current
2015,1,mid,2,7.4,Current
2016,1,mid,2,17.5,Current
2017,1,mid,2,9.37,Current
2018,1,mid,2,19.38,Current
2019,1,mid,2,7.54,Current
1959,1,late,3,10.7,EIA
1960,1,late,3,10.35,EIA
1961,1,late,3,7.6,EIA
1962,1,late,3,12.58,EIA
1963,1,late,3,6.49,EIA
1964,1,late,3,12.87,EIA
1965,1,late,3,9.38,EIA
1966,1,late,3,7.89,EIA
1967,1,late,3,9.01,EIA
1968,1,late,3,11.59,EIA
1969,1,late,3,6.14,EIA
1970,1,late,3,11.78,EIA
1971,1,late,3,12.56,EIA
1972,1,late,3,12.55,EIA
1973,1,late,3,8.82,EIA
1974,1,late,3,6.19,EIA
1975,1,late,3,20.48,EIA
1976,1,late,3,12.83,EIA
1977,1,late,3,9.26,EIA
1978,1,late,3,19.48,EIA
1979,1,late,3,11.34,EIA
1980,1,late,3,7.73,EIA
1981,1,late,3,6.75,EIA
1982,1,late,3,9.71,EIA
1983,1,late,3,7.48,EIA
1984,1,late,3,7.27,EIA
1985,1,late,3,8.28,EIA
1986,1,late,3,6.75,EIA
1987,1,late,3,8.8,EIA
1988,1,late,3,15.13,EIA
1989,1,late,3,6.19,EIA
1990,1,late,3,11.22,EIA
1991,1,late,3,6.5,EIA
1992,1,late,3,10.08,EIA
1993,1,late,3,6.04,EIA
1994,1,late,3,10.33,EIA
1995,1,late,3,8,EIA
1996,1,late,3,6.73,EIA_Difference
1997,1,late,3,13.22,EIA_Difference
1998,1,late,3,9.14,EIA_Difference
1999,1,late,3,6.17,EIA_Difference
2000,1,late,3,11.1,EIA_Difference
2001,1,late,3,14.67,EIA_Difference
2002,1,late,3,8.18,EIA_Difference
2003,1,late,3,8.8,EIA_Difference
2004,1,late,3,12.1,EIA_Difference
2005,1,late,3,13.2,EIA_Difference
2006,1,late,3,11.52,Current
2007,1,late,3,19.09,Current
2008,1,late,3,10.77,Current
2009,1,late,3,6.33,Current
2010,1,late,3,7.75,Current
2011,1,late,3,9.46,Current
2012,1,late,3,13.59,Current
2013,1,late,3,4.71,Current
2014,1,late,3,11.9,Current
2015,1,late,3,7.41,Current
2016,1,late,3,18.6,Current
2017,1,late,3,8.47,Current
2018,1,late,3,13.12,Current
2019,1,late,3,5.93,Current
1959,2,early,4,7.84,EIA
1960,2,early,4,11.36,EIA
1961,2,early,4,6.52,EIA
1962,2,early,4,9.75,EIA
1963,2,early,4,6.25,EIA
1964,2,early,4,12.34,EIA
1965,2,early,4,9.36,EIA
1966,2,early,4,6.06,EIA
1967,2,early,4,8.91,EIA
1968,2,early,4,12.43,EIA
1969,2,early,4,7.27,EIA
1970,2,early,4,10.41,EIA
1971,2,early,4,13.1,EIA
1972,2,early,4,11.4,EIA
1973,2,early,4,7.78,EIA
1974,2,early,4,8.65,EIA
1975,2,early,4,14.68,EIA
1976,2,early,4,11.7,EIA
1977,2,early,4,10.51,EIA
1978,2,early,4,17.1,EIA
1979,2,early,4,9.96,EIA
1980,2,early,4,8.38,EIA
1981,2,early,4,9.3,EIA
1982,2,early,4,8.93,EIA
1983,2,early,4,9.59,EIA
1984,2,early,4,6.65,EIA
1985,2,early,4,8.96,EIA
1986,2,early,4,8.04,EIA
1987,2,early,4,8,EIA
1988,2,early,4,11.57,EIA
1989,2,early,4,5.86,EIA
1990,2,early,4,11.24,EIA
1991,2,early,4,7.98,EIA
1992,2,early,4,6.53,EIA
1993,2,early,4,6.24,EIA
1994,2,early,4,7.04,EIA
1995,2,early,4,8.16,EIA
1996,2,early,4,6.75,EIA_Difference
1997,2,early,4,19.15,EIA_Difference
1998,2,early,4,10.12,EIA_Difference
1999,2,early,4,9.97,EIA_Difference
2000,2,early,4,8.43,EIA_Difference
2001,2,early,4,11.84,EIA_Difference
2002,2,early,4,6.4,EIA_Difference
2003,2,early,4,8.12,EIA_Difference
2004,2,early,4,12.61,EIA_Difference
2005,2,early,4,11.17,EIA_Difference
2006,2,early,4,10.78,Current
2007,2,early,4,7.71,Current
2008,2,early,4,12.63,Current
2009,2,early,4,5.71,Current
2010,2,early,4,7.51,Current
2011,2,early,4,8.15,Current
2012,2,early,4,12.63,Current
2013,2,early,4,3.88,Current
2014,2,early,4,9.99,Current
2015,2,early,4,9.16,Current
2016,2,early,4,25.59,Current
2017,2,early,4,8.53,Current
2018,2,early,4,14.68,Current
2019,2,early,4,5.98,Current
1959,2,mid,5,2,EIA
1960,2,mid,5,7.23,EIA
1961,2,mid,5,10.89,EIA
1962,2,mid,5,6.04,EIA
1963,2,mid,5,7.6,EIA
1964,2,mid,5,6.46,EIA
1965,2,mid,5,7.93,EIA
1966,2,mid,5,7.98,EIA
1967,2,mid,5,6.16,EIA
1968,2,mid,5,7.28,EIA
1969,2,mid,5,15.96,EIA
1970,2,mid,5,6.03,EIA
1971,2,mid,5,9.89,EIA
1972,2,mid,5,12.1,EIA
1973,2,mid,5,10.68,EIA
1974,2,mid,5,8.05,EIA
1975,2,mid,5,7.58,EIA
1976,2,mid,5,13.59,EIA
1977,2,mid,5,9.7,EIA
1978,2,mid,5,9.48,EIA
1979,2,mid,5,14.36,EIA
1980,2,mid,5,7.78,EIA
1981,2,mid,5,8.67,EIA
1982,2,mid,5,8.33,EIA
1983,2,mid,5,8.7,EIA
1984,2,mid,5,2,EIA
1985,2,mid,5,7.03,EIA
1986,2,mid,5,19.95,EIA
1987,2,mid,5,8.7,EIA
1988,2,mid,5,7.04,EIA
1989,2,mid,5,8.65,EIA
1990,2,mid,5,5.97,EIA
1991,2,mid,5,6.76,EIA
1992,2,mid,5,7.79,EIA
1993,2,mid,5,20.77,EIA
1994,2,mid,5,5.44,EIA
1995,2,mid,5,9.01,EIA
1996,2,mid,5,9.44,EIA_Difference
1997,2,mid,5,5.75,EIA_Difference
1998,2,mid,5,18.12,EIA_Difference
1999,2,mid,5,8.64,EIA_Difference
2000,2,mid,5,8.22,EIA_Difference
2001,2,mid,5,6.82,EIA_Difference
2002,2,mid,5,12.24,EIA_Difference
2003,2,mid,5,6.77,EIA_Difference
2004,2,mid,5,5.92,EIA_Difference
2005,2,mid,5,11.19,EIA_Difference
2006,2,mid,5,8.3,Current
2007,2,mid,5,5.96,Current
2008,2,mid,5,16.16,Current
2009,2,mid,5,5.46,Current
2010,2,mid,5,8.27,Current
2011,2,mid,5,8.07,Current
2012,2,mid,5,11.69,Current
2013,2,mid,5,1.35,Current
2014,2,mid,5,10.88,Current
2015,2,mid,5,10.48,Current
2016,2,mid,5,19.25,Current
2017,2,mid,5,8.31,Current
2018,2,mid,5,13.86,Current
2019,2,mid,5,10.39,Current
1959,2,late,6,7.7,EIA
1960,2,late,6,9.91,EIA
1961,2,late,6,10.83,EIA
1962,2,late,6,7.26,EIA
1963,2,late,6,7.19,EIA
1964,2,late,6,7.23,EIA
1965,2,late,6,7.6,EIA
1966,2,late,6,6.11,EIA
1967,2,late,6,6.97,EIA
1968,2,late,6,19.2,EIA
1969,2,late,6,5.66,EIA
1970,2,late,6,7.87,EIA
1971,2,late,6,10.56,EIA
1972,2,late,6,10.45,EIA
1973,2,late,6,8.15,EIA
1974,2,late,6,8.4,EIA
1975,2,late,6,9.1,EIA
1976,2,late,6,8.74,EIA
1977,2,late,6,8.94,EIA
1978,2,late,6,14.3,EIA
1979,2,late,6,6.91,EIA
1980,2,late,6,8.55,EIA
1981,2,late,6,8.26,EIA
1982,2,late,6,8.03,EIA
1983,2,late,6,16.64,EIA
1984,2,late,6,7,EIA
1985,2,late,6,15.64,EIA
1986,2,late,6,10.74,EIA
1987,2,late,6,6.75,EIA
1988,2,late,6,8.98,EIA
1989,2,late,6,5.53,EIA
1990,2,late,6,8.55,EIA
1991,2,late,6,6.94,EIA
1992,2,late,6,20.13,EIA
1993,2,late,6,5.3,EIA
1994,2,late,6,13.69,EIA
1995,2,late,6,10.2,EIA
1996,2,late,6,5.61,EIA_Difference
1997,2,late,6,15.49,EIA_Difference
1998,2,late,6,11.48,EIA_Difference
1999,2,late,6,5.4,EIA_Difference
2000,2,late,6,13.6,EIA_Difference
2001,2,late,6,8.93,EIA_Difference
2002,2,late,6,6.19,EIA_Difference
2003,2,late,6,5.12,EIA_Difference
2004,2,late,6,9.93,EIA_Difference
2005,2,late,6,13.62,EIA_Difference
2006,2,late,6,7.87,Current
2007,2,late,6,8.36,Current
2008,2,late,6,15.69,Current
2009,2,late,6,5.28,Current
2010,2,late,6,9.34,Current
2011,2,late,6,8.44,Current
2012,2,late,6,11.97,Current
2013,2,late,6,1.58,Current
2014,2,late,6,10.03,Current
2015,2,late,6,10.83,Current
2016,2,late,6,10.68,Current
2017,2,late,6,8.39,Current
2018,2,late,6,11.51,Current
2019,2,late,6,10.66,Current
1959,3,early,7,8.27,EIA
1960,3,early,7,7.36,EIA
1961,3,early,7,7.76,EIA
1962,3,early,7,7.89,EIA
1963,3,early,7,6.36,EIA
1964,3,early,7,7.42,EIA
1965,3,early,7,9.35,EIA
1966,3,early,7,5.97,EIA
1967,3,early,7,8.25,EIA
1968,3,early,7,17.73,EIA
1969,3,early,7,5.49,EIA
1970,3,early,7,7.78,EIA
1971,3,early,7,11.45,EIA
1972,3,early,7,10.49,EIA
1973,3,early,7,6.46,EIA
1974,3,early,7,5.99,EIA
1975,3,early,7,11.12,EIA
1976,3,early,7,8.89,EIA
1977,3,early,7,8.39,EIA
1978,3,early,7,13.1,EIA
1979,3,early,7,5.75,EIA
1980,3,early,7,8.15,EIA
1981,3,early,7,7.5,EIA
1982,3,early,7,7.69,EIA
1983,3,early,7,18.55,EIA
1984,3,early,7,7.08,EIA
1985,3,early,7,9.65,EIA
1986,3,early,7,9.92,EIA
1987,3,early,7,7.72,EIA
1988,3,early,7,8.86,EIA
1989,3,early,7,5.73,EIA
1990,3,early,7,10.18,EIA
1991,3,early,7,6.74,EIA
1992,3,early,7,12.71,EIA
1993,3,early,7,5.6,EIA
1994,3,early,7,10,EIA
1995,3,early,7,12.67,EIA
1996,3,early,7,6.7,EIA_Difference
1997,3,early,7,12.66,EIA_Difference
1998,3,early,7,9.24,EIA_Difference
1999,3,early,7,6.19,EIA_Difference
2000,3,early,7,9.72,EIA_Difference
2001,3,early,7,8.65,EIA_Difference
2002,3,early,7,6.66,EIA_Difference
2003,3,early,7,5.06,EIA_Difference
2004,3,early,7,9.2,EIA_Difference
2005,3,early,7,18.01,EIA_Difference
2006,3,early,7,9.88,Current
2007,3,early,7,9.64,Current
2008,3,early,7,14.24,Current
2009,3,early,7,5.89,Current
2010,3,early,7,7.16,Current
2011,3,early,7,7.01,Current
2012,3,early,7,11.7,Current
2013,3,early,7,1.61,Current
2014,3,early,7,8.35,Current
2015,3,early,7,11.02,Current
2016,3,early,7,14.88,Current
2017,3,early,7,8.17,Current
2018,3,early,7,17.08,Current
2019,3,early,7,7.62,Current
1959,3,mid,8,3,EIA
1960,3,mid,8,8.17,EIA
1961,3,mid,8,6.37,EIA
1962,3,mid,8,7.24,EIA
1963,3,mid,8,6.9,EIA
1964,3,mid,8,6.3,EIA
1965,3,mid,8,6.63,EIA
1966,3,mid,8,8.09,EIA
1967,3,mid,8,6.15,EIA
1968,3,mid,8,7.21,EIA
1969,3,mid,8,12.19,EIA
1970,3,mid,8,6.23,EIA
1971,3,mid,8,8.71,EIA
1972,3,mid,8,13.88,EIA
1973,3,mid,8,8.86,EIA
1974,3,mid,8,5.98,EIA
1975,3,mid,8,4.4,EIA
1976,3,mid,8,11.73,EIA
1977,3,mid,8,7.85,EIA
1978,3,mid,8,7.3,EIA
1979,3,mid,8,14.6,EIA
1980,3,mid,8,4.81,EIA
1981,3,mid,8,7.07,EIA
1982,3,mid,8,9.57,EIA
1983,3,mid,8,8.37,EIA
1984,3,mid,8,3,EIA
1985,3,mid,8,7.11,EIA
1986,3,mid,8,7.75,EIA
1987,3,mid,8,7.59,EIA
1988,3,mid,8,7.62,EIA
1989,3,mid,8,8.21,EIA
1990,3,mid,8,5.63,EIA
1991,3,mid,8,8.68,EIA
1992,3,mid,8,7.46,EIA
1993,3,mid,8,9.53,EIA
1994,3,mid,8,7.7,EIA
1995,3,mid,8,7.2,EIA
1996,3,mid,8,8,EIA_Difference
1997,3,mid,8,6.25,EIA_Difference
1998,3,mid,8,8.92,EIA_Difference
1999,3,mid,8,11.55,EIA_Difference
2000,3,mid,8,5.38,EIA_Difference
2001,3,mid,8,7.5,EIA_Difference
2002,3,mid,8,6.97,EIA_Difference
2003,3,mid,8,6.01,EIA_Difference
2004,3,mid,8,5.15,EIA_Difference
2005,3,mid,8,11.15,EIA_Difference
2006,3,mid,8,8.79,Current
2007,3,mid,8,9.17,Current
2008,3,mid,8,13.08,Current
2009,3,mid,8,5.16,Current
2010,3,mid,8,6.61,Current
2011,3,mid,8,7.48,Current
2012,3,mid,8,10.76,Current
2013,3,mid,8,1.62,Current
2014,3,mid,8,8.48,Current
2015,3,mid,8,11.1,Current
2016,3,mid,8,27.41,Current
2017,3,mid,8,7.17,Current
2018,3,mid,8,13.5,Current
2019,3,mid,8,5.46,Current
1959,3,late,9,7.47,EIA
1960,3,late,9,7.15,EIA
1961,3,late,9,8.58,EIA
1962,3,late,9,9.5,EIA
1963,3,late,9,6.06,EIA
1964,3,late,9,5.82,EIA
1965,3,late,9,6.03,EIA
1966,3,late,9,6.76,EIA
1967,3,late,9,7.09,EIA
1968,3,late,9,13.27,EIA
1969,3,late,9,5.69,EIA
1970,3,late,9,8.03,EIA
1971,3,late,9,9.91,EIA
1972,3,late,9,7.67,EIA
1973,3,late,9,6.11,EIA
1974,3,late,9,5.45,EIA
1975,3,late,9,11.18,EIA
1976,3,late,9,6.69,EIA
1977,3,late,9,6.61,EIA
1978,3,late,9,22.7,EIA
1979,3,late,9,8.78,EIA
1980,3,late,9,6.58,EIA
1981,3,late,9,11.26,EIA
1982,3,late,9,6.46,EIA
1983,3,late,9,18.63,EIA
1984,3,late,9,6.65,EIA
1985,3,late,9,6.38,EIA
1986,3,late,9,8.31,EIA
1987,3,late,9,10.15,EIA
1988,3,late,9,7.45,EIA
1989,3,late,9,7.61,EIA
1990,3,late,9,10.42,EIA
1991,3,late,9,7.48,EIA
1992,3,late,9,8.35,EIA
1993,3,late,9,8.58,EIA
1994,3,late,9,7.42,EIA
1995,3,late,9,7.35,EIA
1996,3,late,9,6.77,EIA_Difference
1997,3,late,9,18.37,EIA_Difference
1998,3,late,9,9.45,EIA_Difference
1999,3,late,9,5.26,EIA_Difference
2000,3,late,9,5.45,EIA_Difference
2001,3,late,9,7.86,EIA_Difference
2002,3,late,9,6.02,EIA_Difference
2003,3,late,9,5.12,EIA_Difference
2004,3,late,9,6.87,EIA_Difference
2005,3,late,9,10.62,EIA_Difference
2006,3,late,9,17.59,Current
2007,3,late,9,7.6,Current
2008,3,late,9,10.98,Current
2009,3,late,9,4.45,Current
2010,3,late,9,6.02,Current
2011,3,late,9,6.25,Current
2012,3,late,9,9.14,Current
2013,3,late,9,1.7,Current
2014,3,late,9,6.88,Current
2015,3,late,9,10.44,Current
2016,3,late,9,18.94,Current
2017,3,late,9,7.22,Current
2018,3,late,9,10.87,Current
2019,3,late,9,8.19,Current
1959,4,early,10,6.28,EIA
1960,4,early,10,8.44,EIA
1961,4,early,10,7,EIA
1962,4,early,10,8.85,EIA
1963,4,early,10,5.5,EIA
1964,4,early,10,5.72,EIA
1965,4,early,10,5.83,EIA
1966,4,early,10,7.14,EIA
1967,4,early,10,6.69,EIA
1968,4,early,10,13.44,EIA
1969,4,early,10,5.92,EIA
1970,4,early,10,6.91,EIA
1971,4,early,10,8.42,EIA
1972,4,early,10,6.66,EIA
1973,4,early,10,6.22,EIA
1974,4,early,10,11.12,EIA
1975,4,early,10,10.78,EIA
1976,4,early,10,6.61,EIA
1977,4,early,10,7.09,EIA
1978,4,early,10,17.86,EIA
1979,4,early,10,7.72,EIA
1980,4,early,10,5.28,EIA
1981,4,early,10,8.19,EIA
1982,4,early,10,5.67,EIA
1983,4,early,10,13.75,EIA
1984,4,early,10,7.1,EIA
1985,4,early,10,6.96,EIA
1986,4,early,10,7.52,EIA
1987,4,early,10,6.56,EIA
1988,4,early,10,9.93,EIA
1989,4,early,10,8.78,EIA
1990,4,early,10,7.76,EIA
1991,4,early,10,7.44,EIA
1992,4,early,10,7.19,EIA
1993,4,early,10,9.46,EIA
1994,4,early,10,6.16,EIA
1995,4,early,10,9.52,EIA
1996,4,early,10,7.05,EIA_Difference
1997,4,early,10,11.51,EIA_Difference
1998,4,early,10,7.31,EIA_Difference
1999,4,early,10,5.84,EIA_Difference
2000,4,early,10,6.03,EIA_Difference
2001,4,early,10,8.28,EIA_Difference
2002,4,early,10,5.58,EIA_Difference
2003,4,early,10,4.89,EIA_Difference
2004,4,early,10,8.56,EIA_Difference
2005,4,early,10,11.52,EIA_Difference
2006,4,early,10,12.76,Current
2007,4,early,10,8.1,Current
2008,4,early,10,11.48,Current
2009,4,early,10,4.51,Current
2010,4,early,10,5.38,Current
2011,4,early,10,5.78,Current
2012,4,early,10,7.69,Current
2013,4,early,10,1.76,Current
2014,4,early,10,6.93,Current
2015,4,early,10,7.01,Current
2016,4,early,10,12.67,Current
2017,4,early,10,8.35,Current
2018,4,early,10,7.37,Current
2019,4,early,10,11.66,Current
1959,4,mid,11,4,EIA
1960,4,mid,11,6.06,EIA
1961,4,mid,11,6.96,EIA
1962,4,mid,11,5.8,EIA
1963,4,mid,11,8.73,EIA
1964,4,mid,11,4.86,EIA
1965,4,mid,11,5.84,EIA
1966,4,mid,11,5.95,EIA
1967,4,mid,11,7.16,EIA
1968,4,mid,11,21.57,EIA
1969,4,mid,11,10.56,EIA
1970,4,mid,11,5.3,EIA
1971,4,mid,11,6.73,EIA
1972,4,mid,11,7.38,EIA
1973,4,mid,11,6.85,EIA
1974,4,mid,11,5.91,EIA
1975,4,mid,11,8.9,EIA
1976,4,mid,11,10.13,EIA
1977,4,mid,11,7.57,EIA
1978,4,mid,11,7.13,EIA
1979,4,mid,11,9.86,EIA
1980,4,mid,11,15.11,EIA
1981,4,mid,11,6.13,EIA
1982,4,mid,11,7.16,EIA
1983,4,mid,11,5.59,EIA
1984,4,mid,11,4,EIA
1985,4,mid,11,6.96,EIA
1986,4,mid,11,6.23,EIA
1987,4,mid,11,6.63,EIA
1988,4,mid,11,7.88,EIA
1989,4,mid,11,7.39,EIA
1990,4,mid,11,8.65,EIA
1991,4,mid,11,12.4,EIA
1992,4,mid,11,5.09,EIA
1993,4,mid,11,12.87,EIA
1994,4,mid,11,10.05,EIA
1995,4,mid,11,5.52,EIA
1996,4,mid,11,6.56,EIA_Difference
1997,4,mid,11,6.3,EIA_Difference
1998,4,mid,11,9.97,EIA_Difference
1999,4,mid,11,6.05,EIA_Difference
2000,4,mid,11,5.68,EIA_Difference
2001,4,mid,11,6.92,EIA_Difference
2002,4,mid,11,8.68,EIA_Difference
2003,4,mid,11,6.18,EIA_Difference
2004,4,mid,11,4.76,EIA_Difference
2005,4,mid,11,9.1,EIA_Difference
2006,4,mid,11,8.48,Current
2007,4,mid,11,7.31,Current
2008,4,mid,11,13.37,Current
2009,4,mid,11,4.52,Current
2010,4,mid,11,5.15,Current
2011,4,mid,11,5.27,Current
2012,4,mid,11,6.74,Current
2013,4,mid,11,1.82,Current
2014,4,mid,11,7.1,Current
2015,4,mid,11,6.52,Current
2016,4,mid,11,10.97,Current
2017,4,mid,11,7.9,Current
2018,4,mid,11,6.68,Current
2019,4,mid,11,13.57,Current
1959,4,late,12,10.13,EIA
1960,4,late,12,6.72,EIA
1961,4,late,12,6.52,EIA
1962,4,late,12,7.66,EIA
1963,4,late,12,4.33,EIA
1964,4,late,12,6.91,EIA
1965,4,late,12,5.93,EIA
1966,4,late,12,7.11,EIA
1967,4,late,12,14.53,EIA
1968,4,late,12,10.1,EIA
1969,4,late,12,5.37,EIA
1970,4,late,12,6.5,EIA
1971,4,late,12,6.86,EIA
1972,4,late,12,10.15,EIA
1973,4,late,12,5.34,EIA
1974,4,late,12,10.35,EIA
1975,4,late,12,9.55,EIA
1976,4,late,12,6.04,EIA
1977,4,late,12,6.78,EIA
1978,4,late,12,12.87,EIA
1979,4,late,12,7.31,EIA
1980,4,late,12,5.24,EIA
1981,4,late,12,6.12,EIA
1982,4,late,12,6.09,EIA
1983,4,late,12,11.99,EIA
1984,4,late,12,8.53,EIA
1985,4,late,12,6.25,EIA
1986,4,late,12,5.95,EIA
1987,4,late,12,7,EIA
1988,4,late,12,8.79,EIA
1989,4,late,12,7.94,EIA
1990,4,late,12,15.26,EIA
1991,4,late,12,4.48,EIA
1992,4,late,12,11.95,EIA
1993,4,late,12,6.96,EIA
1994,4,late,12,4.63,EIA
1995,4,late,12,4.72,EIA
1996,4,late,12,8.2,EIA_Difference
1997,4,late,12,8.64,EIA_Difference
1998,4,late,12,10.06,EIA_Difference
1999,4,late,12,3.65,EIA_Difference
2000,4,late,12,9.04,EIA_Difference
2001,4,late,12,7.12,EIA_Difference
2002,4,late,12,5.5,EIA_Difference
2003,4,late,12,17.15,EIA_Difference
2004,4,late,12,7.09,EIA_Difference
2005,4,late,12,10.9,EIA_Difference
2006,4,late,12,6.74,Current
2007,4,late,12,7.51,Current
2008,4,late,12,14.15,Current
2009,4,late,12,4.52,Current
2010,4,late,12,5.4,Current
2011,4,late,12,4.86,Current
2012,4,late,12,7.25,Current
2013,4,late,12,3.41,Current
2014,4,late,12,6.76,Current
2015,4,late,12,6.56,Current
2016,4,late,12,6.47,Current
2017,4,late,12,6.47,Current
2018,4,late,12,9.07,Current
2019,4,late,12,12.47,Current
1959,5,early,13,12.98,EIA
1960,5,early,13,7.01,EIA
1961,5,early,13,5.72,EIA
1962,5,early,13,6.15,EIA
1963,5,early,13,3.96,EIA
1964,5,early,13,10.07,EIA
1965,5,early,13,5.74,EIA
1966,5,early,13,8.13,EIA
1967,5,early,13,9.25,EIA
1968,5,early,13,8.33,EIA
1969,5,early,13,7.1,EIA
1970,5,early,13,6.55,EIA
1971,5,early,13,8.08,EIA
1972,5,early,13,12.08,EIA
1973,5,early,13,4.63,EIA
1974,5,early,13,7.32,EIA
1975,5,early,13,10.12,EIA
1976,5,early,13,7.57,EIA
1977,5,early,13,6.84,EIA
1978,5,early,13,11.06,EIA
1979,5,early,13,7.2,EIA
1980,5,early,13,4.83,EIA
1981,5,early,13,7.02,EIA
1982,5,early,13,7.12,EIA
1983,5,early,13,15.82,EIA
1984,5,early,13,10.75,EIA
1985,5,early,13,10.06,EIA
1986,5,early,13,6.74,EIA
1987,5,early,13,6.53,EIA
1988,5,early,13,7.2,EIA
1989,5,early,13,8.77,EIA
1990,5,early,13,12.56,EIA
1991,5,early,13,5.77,EIA
1992,5,early,13,9.14,EIA
1993,5,early,13,6.48,EIA
1994,5,early,13,7.04,EIA
1995,5,early,13,5.52,EIA
1996,5,early,13,12.27,EIA_Difference
1997,5,early,13,8.92,EIA_Difference
1998,5,early,13,11.39,EIA_Difference
1999,5,early,13,9.54,EIA_Difference
2000,5,early,13,9.06,EIA_Difference
2001,5,early,13,7.55,EIA_Difference
2002,5,early,13,7.69,EIA_Difference
2003,5,early,13,10.37,EIA_Difference
2004,5,early,13,6.84,EIA_Difference
2005,5,early,13,8.46,EIA_Difference
2006,5,early,13,7.44,Current
2007,5,early,13,6.83,Current
2008,5,early,13,10.27,Current
2009,5,early,13,3.95,Current
2010,5,early,13,5.82,Current
2011,5,early,13,6.27,Current
2012,5,early,13,8.09,Current
2013,5,early,13,5.72,Current
2014,5,early,13,11.49,Current
2015,5,early,13,6.58,Current
2016,5,early,13,5.27,Current
2017,5,early,13,5.46,Current
2018,5,early,13,8.38,Current
2019,5,early,13,7.56,Current
1959,5,mid,14,5,EIA
1960,5,mid,14,22.66,EIA
1961,5,mid,14,16.37,EIA
1962,5,mid,14,6.97,EIA
1963,5,mid,14,5.24,EIA
1964,5,mid,14,3.87,EIA
1965,5,mid,14,11.23,EIA
1966,5,mid,14,14.13,EIA
1967,5,mid,14,11.58,EIA
1968,5,mid,14,10.63,EIA
1969,5,mid,14,7.32,EIA
1970,5,mid,14,5.36,EIA
1971,5,mid,14,6.75,EIA
1972,5,mid,14,13.39,EIA
1973,5,mid,14,11.64,EIA
1974,5,mid,14,4.39,EIA
1975,5,mid,14,7.48,EIA
1976,5,mid,14,9.68,EIA
1977,5,mid,14,16.36,EIA
1978,5,mid,14,8.49,EIA
1979,5,mid,14,10.28,EIA
1980,5,mid,14,7.49,EIA
1981,5,mid,14,20.02,EIA
1982,5,mid,14,7.36,EIA
1983,5,mid,14,6.51,EIA
1984,5,mid,14,5,EIA
1985,5,mid,14,8.4,EIA
1986,5,mid,14,10.93,EIA
1987,5,mid,14,19.01,EIA
1988,5,mid,14,6.06,EIA
1989,5,mid,14,5.08,EIA
1990,5,mid,14,11.72,EIA
1991,5,mid,14,16.78,EIA
1992,5,mid,14,5.77,EIA
1993,5,mid,14,8.21,EIA
1994,5,mid,14,9.7,EIA
1995,5,mid,14,5.44,EIA
1996,5,mid,14,8.16,EIA_Difference
1997,5,mid,14,9.27,EIA_Difference
1998,5,mid,14,7.38,EIA_Difference
1999,5,mid,14,15.26,EIA_Difference
2000,5,mid,14,9.06,EIA_Difference
2001,5,mid,14,7.9,EIA_Difference
2002,5,mid,14,34.93,EIA_Difference
2003,5,mid,14,7.67,EIA_Difference
2004,5,mid,14,10.85,EIA_Difference
2005,5,mid,14,11.4,EIA_Difference
2006,5,mid,14,26.5,Current
2007,5,mid,14,5.54,Current
2008,5,mid,14,7.53,Current
2009,5,mid,14,3.2,Current
2010,5,mid,14,5.6,Current
2011,5,mid,14,7.68,Current
2012,5,mid,14,8.28,Current
2013,5,mid,14,7.27,Current
2014,5,mid,14,9.36,Current
2015,5,mid,14,6.55,Current
2016,5,mid,14,7.5,Current
2017,5,mid,14,7.62,Current
2018,5,mid,14,7.38,Current
2019,5,mid,14,7.98,Current
1959,5,late,15,15.98,EIA
1960,5,late,15,13.29,EIA
1961,5,late,15,88.53,EIA
1962,5,late,15,5.74,EIA
1963,5,late,15,3.86,EIA
1964,5,late,15,18.38,EIA
1965,5,late,15,13.84,EIA
1966,5,late,15,21.4,EIA
1967,5,late,15,13.89,EIA
1968,5,late,15,8.49,EIA
1969,5,late,15,4.9,EIA
1970,5,late,15,7.36,EIA
1971,5,late,15,15.82,EIA
1972,5,late,15,20.08,EIA
1973,5,late,15,4.53,EIA
1974,5,late,15,7.24,EIA
1975,5,late,15,12.4,EIA
1976,5,late,15,35.18,EIA
1977,5,late,15,14.69,EIA
1978,5,late,15,22.69,EIA
1979,5,late,15,12.51,EIA
1980,5,late,15,12.16,EIA
1981,5,late,15,7.19,EIA
1982,5,late,15,5.92,EIA
1983,5,late,15,14.58,EIA
1984,5,late,15,12.55,EIA
1985,5,late,15,12.98,EIA
1986,5,late,15,26.67,EIA
1987,5,late,15,7.49,EIA
1988,5,late,15,6.51,EIA
1989,5,late,15,11.71,EIA
1990,5,late,15,24.42,EIA
1991,5,late,15,4.17,EIA
1992,5,late,15,8.29,EIA
1993,5,late,15,11.03,EIA
1994,5,late,15,6.55,EIA
1995,5,late,15,7.13,EIA
1996,5,late,15,11.88,EIA_Difference
1997,5,late,15,7.61,EIA_Difference
1998,5,late,15,18.75,EIA_Difference
1999,5,late,15,9.22,EIA_Difference
2000,5,late,15,9.25,EIA_Difference
2001,5,late,15,17.44,EIA_Difference
2002,5,late,15,7.39,EIA_Difference
2003,5,late,15,6.49,EIA_Difference
2004,5,late,15,10.94,EIA_Difference
2005,5,late,15,13.46,EIA_Difference
2006,5,late,15,18.13,Current
2007,5,late,15,7.68,Current
2008,5,late,15,8.65,Current
2009,5,late,15,4.22,Current
2010,5,late,15,4.98,Current
2011,5,late,15,10.79,Current
2012,5,late,15,14.49,Current
2013,5,late,15,8.9,Current
2014,5,late,15,8.5,Current
2015,5,late,15,25.71,Current
2016,5,late,15,8.75,Current
2017,5,late,15,15.2,Current
2018,5,late,15,8.75,Current
2019,5,late,15,10.08,Current
1959,6,early,16,14.83,EIA
1960,6,early,16,35.58,EIA
1961,6,early,16,26.93,EIA
1962,6,early,16,7.88,EIA
1963,6,early,16,3.87,EIA
1964,6,early,16,21.22,EIA
1965,6,early,16,13.16,EIA
1966,6,early,16,25.75,EIA
1967,6,early,16,26.81,EIA
1968,6,early,16,17.48,EIA
1969,6,early,16,7.82,EIA
1970,6,early,16,13.15,EIA
1971,6,early,16,12.5,EIA
1972,6,early,16,27.42,EIA
1973,6,early,16,7.62,EIA
1974,6,early,16,18.03,EIA
1975,6,early,16,10.15,EIA
1976,6,early,16,15.31,EIA
1977,6,early,16,13.25,EIA
1978,6,early,16,44.41,EIA
1979,6,early,16,12,EIA
1980,6,early,16,13.08,EIA
1981,6,early,16,9.79,EIA
1982,6,early,16,7.1,EIA
1983,6,early,16,19.78,EIA
1984,6,early,16,15.75,EIA
1985,6,early,16,20.65,EIA
1986,6,early,16,26.66,EIA
1987,6,early,16,9.26,EIA
1988,6,early,16,67.62,EIA
1989,6,early,16,21.18,EIA
1990,6,early,16,28.12,EIA
1991,6,early,16,3.66,EIA
1992,6,early,16,8.97,EIA
1993,6,early,16,10,EIA
1994,6,early,16,13.01,EIA
1995,6,early,16,15.65,EIA
1996,6,early,16,9.25,EIA_Difference
1997,6,early,16,13.07,EIA_Difference
1998,6,early,16,32.22,EIA_Difference
1999,6,early,16,139.33,EIA_Difference
2000,6,early,16,9.04,EIA_Difference
2001,6,early,16,22.68,EIA_Difference
2002,6,early,16,22.03,EIA_Difference
2003,6,early,16,6.08,EIA_Difference
2004,6,early,16,15.67,EIA_Difference
2005,6,early,16,10.79,EIA_Difference
2006,6,early,16,22.85,Current
2007,6,early,16,10.85,Current
2008,6,early,16,19.95,Current
2009,6,early,16,4.55,Current
2010,6,early,16,4.97,Current
2011,6,early,16,14.26,Current
2012,6,early,16,24.5,Current
2013,6,early,16,6.58,Current
2014,6,early,16,13.05,Current
2015,6,early,16,12.82,Current
2016,6,early,16,6.51,Current
2017,6,early,16,15.21,Current
2018,6,early,16,15.59,Current
2019,6,early,16,10.78,Current
1959,6,mid,17,6,EIA
1960,6,mid,17,9.74,EIA
1961,6,mid,17,33.14,EIA
1962,6,mid,17,12.97,EIA
1963,6,mid,17,18.35,EIA
1964,6,mid,17,4.22,EIA
1965,6,mid,17,17.94,EIA
1966,6,mid,17,31.34,EIA
1967,6,mid,17,27.69,EIA
1968,6,mid,17,17.98,EIA
1969,6,mid,17,23.5,EIA
1970,6,mid,17,19.06,EIA
1971,6,mid,17,24.51,EIA
1972,6,mid,17,10.51,EIA
1973,6,mid,17,22.99,EIA
1974,6,mid,17,13.37,EIA
1975,6,mid,17,23.01,EIA
1976,6,mid,17,16.24,EIA
1977,6,mid,17,12.22,EIA
1978,6,mid,17,11.82,EIA
1979,6,mid,17,20.35,EIA
1980,6,mid,17,14.08,EIA
1981,6,mid,17,12.81,EIA
1982,6,mid,17,102.56,EIA
1983,6,mid,17,6.8,EIA
1984,6,mid,17,6,EIA
1985,6,mid,17,18.75,EIA
1986,6,mid,17,43.29,EIA
1987,6,mid,17,24.37,EIA
1988,6,mid,17,19.32,EIA
1989,6,mid,17,10.45,EIA
1990,6,mid,17,16.45,EIA
1991,6,mid,17,13.94,EIA
1992,6,mid,17,3.72,EIA
1993,6,mid,17,6.66,EIA
1994,6,mid,17,9.12,EIA
1995,6,mid,17,6.72,EIA
1996,6,mid,17,25.12,EIA_Difference
1997,6,mid,17,8.35,EIA_Difference
1998,6,mid,17,17.04,EIA_Difference
1999,6,mid,17,22,EIA_Difference
2000,6,mid,17,35.64,EIA_Difference
2001,6,mid,17,12.07,EIA_Difference
2002,6,mid,17,24.19,EIA_Difference
2003,6,mid,17,12.97,EIA_Difference
2004,6,mid,17,5.41,EIA_Difference
2005,6,mid,17,22.39,EIA_Difference
2006,6,mid,17,63.04,Current
2007,6,mid,17,10.02,Current
2008,6,mid,17,14.61,Current
2009,6,mid,17,6.14,Current
2010,6,mid,17,5,Current
2011,6,mid,17,9.7,Current
2012,6,mid,17,47.2,Current
2013,6,mid,17,24.86,Current
2014,6,mid,17,21.92,Current
2015,6,mid,17,5.64,Current
2016,6,mid,17,8.2,Current
2017,6,mid,17,22.77,Current
2018,6,mid,17,15.85,Current
2019,6,mid,17,13.49,Current
1959,6,late,18,8.62,EIA
1960,6,late,18,13.55,EIA
1961,6,late,18,10.74,EIA
1962,6,late,18,10.33,EIA
1963,6,late,18,8.6,EIA
1964,6,late,18,11.36,EIA
1965,6,late,18,33.49,EIA
1966,6,late,18,14.83,EIA
1967,6,late,18,10.39,EIA
1968,6,late,18,12.19,EIA
1969,6,late,18,15.49,EIA
1970,6,late,18,14.54,EIA
1971,6,late,18,9.55,EIA
1972,6,late,18,14.43,EIA
1973,6,late,18,9.54,EIA
1974,6,late,18,16,EIA
1975,6,late,18,12.73,EIA
1976,6,late,18,51.47,EIA
1977,6,late,18,9.4,EIA
1978,6,late,18,25.08,EIA
1979,6,late,18,13.74,EIA
1980,6,late,18,7.26,EIA
1981,6,late,18,46.17,EIA
1982,6,late,18,6.73,EIA
1983,6,late,18,14.91,EIA
1984,6,late,18,19.96,EIA
1985,6,late,18,104.12,EIA
1986,6,late,18,25.87,EIA
1987,6,late,18,18.02,EIA
1988,6,late,18,7.02,EIA
1989,6,late,18,12.32,EIA
1990,6,late,18,102.54,EIA
1991,6,late,18,8.4,EIA
1992,6,late,18,5.78,EIA
1993,6,late,18,8.36,EIA
1994,6,late,18,5.76,EIA
1995,6,late,18,9.2,EIA
1996,6,late,18,7.3,EIA_Difference
1997,6,late,18,24.05,EIA_Difference
1998,6,late,18,15.87,EIA_Difference
1999,6,late,18,22.45,EIA_Difference
2000,6,late,18,10.96,EIA_Difference
2001,6,late,18,73.28,EIA_Difference
2002,6,late,18,8.61,EIA_Difference
2003,6,late,18,4.81,EIA_Difference
2004,6,late,18,10.92,EIA_Difference
2005,6,late,18,16.53,EIA_Difference
2006,6,late,18,30.14,Current
2007,6,late,18,9.67,Current
2008,6,late,18,11.64,Current
2009,6,late,18,10.3,Current
2010,6,late,18,4.79,Current
2011,6,late,18,13.4,Current
2012,6,late,18,36.55,Current
2013,6,late,18,5.75,Current
2014,6,late,18,11.34,Current
2015,6,late,18,4.51,Current
2016,6,late,18,4.03,Current
2017,6,late,18,7.17,Current
2018,6,late,18,11.49,Current
2019,6,late,18,8.78,Current
1959,7,early,19,8,EIA
1960,7,early,19,8.44,EIA
1961,7,early,19,9.41,EIA
1962,7,early,19,8.49,EIA
1963,7,early,19,21,EIA
1964,7,early,19,8.67,EIA
1965,7,early,19,17.26,EIA
1966,7,early,19,13.3,EIA
1967,7,early,19,8.94,EIA
1968,7,early,19,9.89,EIA
1969,7,early,19,9.01,EIA
1970,7,early,19,9.62,EIA
1971,7,early,19,7.75,EIA
1972,7,early,19,11.84,EIA
1973,7,early,19,19.31,EIA
1974,7,early,19,13.89,EIA
1975,7,early,19,11.58,EIA
1976,7,early,19,59.45,EIA
1977,7,early,19,8.1,EIA
1978,7,early,19,15.9,EIA
1979,7,early,19,8.09,EIA
1980,7,early,19,6.13,EIA
1981,7,early,19,17.7,EIA
1982,7,early,19,10.8,EIA
1983,7,early,19,9.39,EIA
1984,7,early,19,24.37,EIA
1985,7,early,19,46.33,EIA
1986,7,early,19,56.6,EIA
1987,7,early,19,13.92,EIA
1988,7,early,19,5.78,EIA
1989,7,early,19,11.11,EIA
1990,7,early,19,29.82,EIA
1991,7,early,19,5.9,EIA
1992,7,early,19,6.88,EIA
1993,7,early,19,8.08,EIA
1994,7,early,19,42,EIA
1995,7,early,19,11.26,EIA
1996,7,early,19,6.7,EIA_Difference
1997,7,early,19,17.76,EIA_Difference
1998,7,early,19,11.3,EIA_Difference
1999,7,early,19,33,EIA_Difference
2000,7,early,19,22.35,EIA_Difference
2001,7,early,19,58.62,EIA_Difference
2002,7,early,19,15.81,EIA_Difference
2003,7,early,19,4.81,EIA_Difference
2004,7,early,19,100.09,EIA_Difference
2005,7,early,19,12.44,EIA_Difference
2006,7,early,19,39.86,Current
2007,7,early,19,6.25,Current
2008,7,early,19,14.31,Current
2009,7,early,19,5.68,Current
2010,7,early,19,5.03,Current
2011,7,early,19,13.16,Current
2012,7,early,19,20.81,Current
2013,7,early,19,5.06,Current
2014,7,early,19,12.26,Current
2015,7,early,19,12.34,Current
2016,7,early,19,73.51,Current
2017,7,early,19,9.67,Current
2018,7,early,19,9.72,Current
2019,7,early,19,8.19,Current
1959,7,mid,20,7,EIA
1960,7,mid,20,7.11,EIA
1961,7,mid,20,8.16,EIA
1962,7,mid,20,74.37,EIA
1963,7,mid,20,7.09,EIA
1964,7,mid,20,15.26,EIA
1965,7,mid,20,7.65,EIA
1966,7,mid,20,142.07,EIA
1967,7,mid,20,11.9,EIA
1968,7,mid,20,9.04,EIA
1969,7,mid,20,9.06,EIA
1970,7,mid,20,6.93,EIA
1971,7,mid,20,11.58,EIA
1972,7,mid,20,6.97,EIA
1973,7,mid,20,46.18,EIA
1974,7,mid,20,11.83,EIA
1975,7,mid,20,9.58,EIA
1976,7,mid,20,12.34,EIA
1977,7,mid,20,30.32,EIA
1978,7,mid,20,8.33,EIA
1979,7,mid,20,10.68,EIA
1980,7,mid,20,7.46,EIA
1981,7,mid,20,10.35,EIA
1982,7,mid,20,13.76,EIA
1983,7,mid,20,8.41,EIA
1984,7,mid,20,7,EIA
1985,7,mid,20,14.91,EIA
1986,7,mid,20,32.62,EIA
1987,7,mid,20,143.86,EIA
1988,7,mid,20,9.04,EIA
1989,7,mid,20,6.51,EIA
1990,7,mid,20,11.47,EIA
1991,7,mid,20,18.04,EIA
1992,7,mid,20,31.19,EIA
1993,7,mid,20,6.22,EIA
1994,7,mid,20,5.28,EIA
1995,7,mid,20,136.53,EIA
1996,7,mid,20,14.54,EIA_Difference
1997,7,mid,20,6.95,EIA_Difference
1998,7,mid,20,12.59,EIA_Difference
1999,7,mid,20,10.25,EIA_Difference
2000,7,mid,20,15.69,EIA_Difference
2001,7,mid,20,24.91,EIA_Difference
2002,7,mid,20,39.42,EIA_Difference
2003,7,mid,20,27.81,EIA_Difference
2004,7,mid,20,4.12,EIA_Difference
2005,7,mid,20,27.01,EIA_Difference
2006,7,mid,20,28.22,Current
2007,7,mid,20,9.9,Current
2008,7,mid,20,33.3,Current
2009,7,mid,20,21.88,Current
2010,7,mid,20,5.29,Current
2011,7,mid,20,14.95,Current
2012,7,mid,20,14.92,Current
2013,7,mid,20,9.3,Current
2014,7,mid,20,8.28,Current
2015,7,mid,20,7.16,Current
2016,7,mid,20,48.85,Current
2017,7,mid,20,10.97,Current
2018,7,mid,20,20.34,Current
2019,7,mid,20,5.4,Current
1959,7,late,21,6.59,EIA
1960,7,late,21,11.34,EIA
1961,7,late,21,36.42,EIA
1962,7,late,21,65.51,EIA
1963,7,late,21,14.07,EIA
1964,7,late,21,7.42,EIA
1965,7,late,21,114.15,EIA
1966,7,late,21,10.8,EIA
1967,7,late,21,7.12,EIA
1968,7,late,21,154.86,EIA
1969,7,late,21,82.47,EIA
1970,7,late,21,9.25,EIA
1971,7,late,21,106.33,EIA
1972,7,late,21,31.75,EIA
1973,7,late,21,11.29,EIA
1974,7,late,21,11.86,EIA
1975,7,late,21,11.76,EIA
1976,7,late,21,18.97,EIA
1977,7,late,21,42.95,EIA
1978,7,late,21,10.08,EIA
1979,7,late,21,43.65,EIA
1980,7,late,21,5.6,EIA
1981,7,late,21,26.85,EIA
1982,7,late,21,132.99,EIA
1983,7,late,21,8.36,EIA
1984,7,late,21,9.78,EIA
1985,7,late,21,24.63,EIA
1986,7,late,21,20.31,EIA
1987,7,late,21,17.19,EIA
1988,7,late,21,6.82,EIA
1989,7,late,21,13.94,EIA
1990,7,late,21,20.8,EIA
1991,7,late,21,36.69,EIA
1992,7,late,21,5.44,EIA
1993,7,late,21,9.4,EIA
1994,7,late,21,18.87,EIA
1995,7,late,21,68.14,EIA
1996,7,late,21,138.03,EIA_Difference
1997,7,late,21,8.05,EIA_Difference
1998,7,late,21,8.56,EIA_Difference
1999,7,late,21,20.85,EIA_Difference
2000,7,late,21,14.2,EIA_Difference
2001,7,late,21,26.73,EIA_Difference
2002,7,late,21,9.7,EIA_Difference
2003,7,late,21,4.18,EIA_Difference
2004,7,late,21,15.09,EIA_Difference
2005,7,late,21,39.7,EIA_Difference
2006,7,late,21,137.48,Current
2007,7,late,21,7.25,Current
2008,7,late,21,72.04,Current
2009,7,late,21,14.68,Current
2010,7,late,21,6.16,Current
2011,7,late,21,15.37,Current
2012,7,late,21,39.58,Current
2013,7,late,21,5.35,Current
2014,7,late,21,103.9,Current
2015,7,late,21,5.07,Current
2016,7,late,21,15.94,Current
2017,7,late,21,11.82,Current
2018,7,late,21,13.34,Current
2019,7,late,21,6.05,Current
1959,8,early,22,9.49,EIA
1960,8,early,22,20.97,EIA
1961,8,early,22,107.12,EIA
1962,8,early,22,22.36,EIA
1963,8,early,22,10.11,EIA
1964,8,early,22,78.4,EIA
1965,8,early,22,31.56,EIA
1966,8,early,22,9.16,EIA
1967,8,early,22,7.72,EIA
1968,8,early,22,78.93,EIA
1969,8,early,22,39.52,EIA
1970,8,early,22,10.34,EIA
1971,8,early,22,26.85,EIA
1972,8,early,22,43.69,EIA
1973,8,early,22,9.23,EIA
1974,8,early,22,7.41,EIA
1975,8,early,22,19.05,EIA
1976,8,early,22,16.55,EIA
1977,8,early,22,26.11,EIA
1978,8,early,22,38.19,EIA
1979,8,early,22,122.9,EIA
1980,8,early,22,5.47,EIA
1981,8,early,22,15.05,EIA
1982,8,early,22,125.06,EIA
1983,8,early,22,6.65,EIA
1984,8,early,22,7.4,EIA
1985,8,early,22,20.1,EIA
1986,8,early,22,12.1,EIA
1987,8,early,22,11.51,EIA
1988,8,early,22,5.75,EIA
1989,8,early,22,18.04,EIA
1990,8,early,22,27.24,EIA
1991,8,early,22,15.62,EIA
1992,8,early,22,5.17,EIA
1993,8,early,22,7.44,EIA
1994,8,early,22,106.54,EIA
1995,8,early,22,55.41,EIA
1996,8,early,22,51.52,EIA_Difference
1997,8,early,22,20.4,EIA_Difference
1998,8,early,22,49.83,EIA_Difference
1999,8,early,22,34.66,EIA_Difference
2000,8,early,22,14.59,EIA_Difference
2001,8,early,22,28.62,EIA_Difference
2002,8,early,22,26.09,EIA_Difference
2003,8,early,22,60.94,EIA_Difference
2004,8,early,22,12.78,EIA_Difference
2005,8,early,22,16.38,EIA_Difference
2006,8,early,22,63.32,Current
2007,8,early,22,130.17,Current
2008,8,early,22,60.34,Current
2009,8,early,22,25.56,Current
2010,8,early,22,6.26,Current
2011,8,early,22,11.42,Current
2012,8,early,22,59.81,Current
2013,8,early,22,4.08,Current
2014,8,early,22,26.44,Current
2015,8,early,22,10.18,Current
2016,8,early,22,29.1,Current
2017,8,early,22,34.75,Current
2018,8,early,22,11.53,Current
2019,8,early,22,12.71,Current
1959,8,mid,23,8,EIA
1960,8,mid,23,9.37,EIA
1961,8,mid,23,35.86,EIA
1962,8,mid,23,56.33,EIA
1963,8,mid,23,15.5,EIA
1964,8,mid,23,8.13,EIA
1965,8,mid,23,50.56,EIA
1966,8,mid,23,20.86,EIA
1967,8,mid,23,8.14,EIA
1968,8,mid,23,14.89,EIA
1969,8,mid,23,25.92,EIA
1970,8,mid,23,20.4,EIA
1971,8,mid,23,8.52,EIA
1972,8,mid,23,18.33,EIA
1973,8,mid,23,27.34,EIA
1974,8,mid,23,35.53,EIA
1975,8,mid,23,31.02,EIA
1976,8,mid,23,20.29,EIA
1977,8,mid,23,16.76,EIA
1978,8,mid,23,15.36,EIA
1979,8,mid,23,43.71,EIA
1980,8,mid,23,33.03,EIA
1981,8,mid,23,5.12,EIA
1982,8,mid,23,11.15,EIA
1983,8,mid,23,78.96,EIA
1984,8,mid,23,8,EIA
1985,8,mid,23,139.84,EIA
1986,8,mid,23,29.84,EIA
1987,8,mid,23,10.5,EIA
1988,8,mid,23,8.87,EIA
1989,8,mid,23,8.76,EIA
1990,8,mid,23,14.3,EIA
1991,8,mid,23,15.3,EIA
1992,8,mid,23,10.16,EIA
1993,8,mid,23,10.39,EIA
1994,8,mid,23,11.89,EIA
1995,8,mid,23,37.49,EIA
1996,8,mid,23,25.41,EIA_Difference
1997,8,mid,23,18.68,EIA_Difference
1998,8,mid,23,11.32,EIA_Difference
1999,8,mid,23,13.77,EIA_Difference
2000,8,mid,23,28.18,EIA_Difference
2001,8,mid,23,10.74,EIA_Difference
2002,8,mid,23,16.45,EIA_Difference
2003,8,mid,23,17.95,EIA_Difference
2004,8,mid,23,94.1,EIA_Difference
2005,8,mid,23,219.53,EIA_Difference
2006,8,mid,23,37.61,Current
2007,8,mid,23,921.99,Current
2008,8,mid,23,30.13,Current
2009,8,mid,23,33.12,Current
2010,8,mid,23,6.64,Current
2011,8,mid,23,11.3,Current
2012,8,mid,23,29.9,Current
2013,8,mid,23,2.48,Current
2014,8,mid,23,30.75,Current
2015,8,mid,23,10.24,Current
2016,8,mid,23,42.66,Current
2017,8,mid,23,22.51,Current
2018,8,mid,23,13.58,Current
2019,8,mid,23,12.21,Current
1959,8,late,24,37.12,EIA
1960,8,late,24,37.6,EIA
1961,8,late,24,100.09,EIA
1962,8,late,24,67.55,EIA
1963,8,late,24,7.03,EIA
1964,8,late,24,31.15,EIA
1965,8,late,24,18.9,EIA
1966,8,late,24,8.85,EIA
1967,8,late,24,19.98,EIA
1968,8,late,24,45.25,EIA
1969,8,late,24,13.12,EIA
1970,8,late,24,11.8,EIA
1971,8,late,24,13.13,EIA
1972,8,late,24,17.94,EIA
1973,8,late,24,143.13,EIA
1974,8,late,24,22.8,EIA
1975,8,late,24,16.74,EIA
1976,8,late,24,25.34,EIA
1977,8,late,24,30.79,EIA
1978,8,late,24,59.81,EIA
1979,8,late,24,35.46,EIA
1980,8,late,24,5.19,EIA
1981,8,late,24,9.59,EIA
1982,8,late,24,41.86,EIA
1983,8,late,24,14.8,EIA
1984,8,late,24,106.92,EIA
1985,8,late,24,43.62,EIA
1986,8,late,24,28.21,EIA
1987,8,late,24,7.14,EIA
1988,8,late,24,6.24,EIA
1989,8,late,24,16.14,EIA
1990,8,late,24,23.91,EIA
1991,8,late,24,7.62,EIA
1992,8,late,24,56.7,EIA
1993,8,late,24,7.71,EIA
1994,8,late,24,20.15,EIA
1995,8,late,24,64.35,EIA
1996,8,late,24,13.52,EIA_Difference
1997,8,late,24,25.35,EIA_Difference
1998,8,late,24,15.35,EIA_Difference
1999,8,late,24,65.45,EIA_Difference
2000,8,late,24,130.58,EIA_Difference
2001,8,late,24,12,EIA_Difference
2002,8,late,24,8.67,EIA_Difference
2003,8,late,24,100.55,EIA_Difference
2004,8,late,24,14.49,EIA_Difference
2005,8,late,24,96.6,EIA_Difference
2006,8,late,24,21.35,Current
2007,8,late,24,60.6,Current
2008,8,late,24,17.8,Current
2009,8,late,24,17.39,Current
2010,8,late,24,6.91,Current
2011,8,late,24,48.62,Current
2012,8,late,24,85.11,Current
2013,8,late,24,2.12,Current
2014,8,late,24,14.25,Current
2015,8,late,24,17.69,Current
2016,8,late,24,19.44,Current
2017,8,late,24,50.2,Current
2018,8,late,24,32.23,Current
2019,8,late,24,67.16,Current
1959,9,early,25,59.62,EIA
1960,9,early,25,24.03,EIA
1961,9,early,25,34.23,EIA
1962,9,early,25,133.55,EIA
1963,9,early,25,29.98,EIA
1964,9,early,25,21.24,EIA
1965,9,early,25,13.74,EIA
1966,9,early,25,9.87,EIA
1967,9,early,25,17.85,EIA
1968,9,early,25,169.17,EIA
1969,9,early,25,92.43,EIA
1970,9,early,25,25.63,EIA
1971,9,early,25,11.62,EIA
1972,9,early,25,13.49,EIA
1973,9,early,25,36.48,EIA
1974,9,early,25,19.73,EIA
1975,9,early,25,14.55,EIA
1976,9,early,25,18.5,EIA
1977,9,early,25,17.17,EIA
1978,9,early,25,32.75,EIA
1979,9,early,25,30.56,EIA
1980,9,early,25,6.6,EIA
1981,9,early,25,12.03,EIA
1982,9,early,25,20.83,EIA
1983,9,early,25,11.32,EIA
1984,9,early,25,132.98,EIA
1985,9,early,25,85.06,EIA
1986,9,early,25,12.75,EIA
1987,9,early,25,86.45,EIA
1988,9,early,25,5.46,EIA
1989,9,early,25,18.22,EIA
1990,9,early,25,163.28,EIA
1991,9,early,25,11.08,EIA
1992,9,early,25,88.34,EIA
1993,9,early,25,7.68,EIA
1994,9,early,25,10.69,EIA
1995,9,early,25,69.01,EIA
1996,9,early,25,18.31,EIA_Difference
1997,9,early,25,20.87,EIA_Difference
1998,9,early,25,17.49,EIA_Difference
1999,9,early,25,60.47,EIA_Difference
2000,9,early,25,34.02,EIA_Difference
2001,9,early,25,21.38,EIA_Difference
2002,9,early,25,8.84,EIA_Difference
2003,9,early,25,200.13,EIA_Difference
2004,9,early,25,18.45,EIA_Difference
2005,9,early,25,60.59,EIA_Difference
2006,9,early,25,23.85,Current
2007,9,early,25,35.27,Current
2008,9,early,25,17.6,Current
2009,9,early,25,13.52,Current
2010,9,early,25,16.15,Current
2011,9,early,25,52.94,Current
2012,9,early,25,48.79,Current
2013,9,early,25,2.45,Current
2014,9,early,25,9.19,Current
2015,9,early,25,20.1,Current
2016,9,early,25,5.25,Current
2017,9,early,25,29.38,Current
2018,9,early,25,18.7,Current
2019,9,early,25,22.38,Current
1959,9,mid,26,9,EIA
1960,9,mid,26,33.68,EIA
1961,9,mid,26,16.67,EIA
1962,9,mid,26,50.99,EIA
1963,9,mid,26,35.06,EIA
1964,9,mid,26,32.14,EIA
1965,9,mid,26,54.83,EIA
1966,9,mid,26,12.04,EIA
1967,9,mid,26,50.77,EIA
1968,9,mid,26,12.41,EIA
1969,9,mid,26,42.68,EIA
1970,9,mid,26,170.47,EIA
1971,9,mid,26,16.09,EIA
1972,9,mid,26,31.12,EIA
1973,9,mid,26,11.64,EIA
1974,9,mid,26,22.91,EIA
1975,9,mid,26,15.39,EIA
1976,9,mid,26,15.98,EIA
1977,9,mid,26,20.29,EIA
1978,9,mid,26,12.87,EIA
1979,9,mid,26,35.67,EIA
1980,9,mid,26,21.07,EIA
1981,9,mid,26,73.11,EIA
1982,9,mid,26,50.7,EIA
1983,9,mid,26,14.19,EIA
1984,9,mid,26,9,EIA
1985,9,mid,26,56.13,EIA
1986,9,mid,26,96.45,EIA
1987,9,mid,26,74.06,EIA
1988,9,mid,26,105.08,EIA
1989,9,mid,26,5.15,EIA
1990,9,mid,26,153.48,EIA
1991,9,mid,26,50.8,EIA
1992,9,mid,26,18.97,EIA
1993,9,mid,26,39.6,EIA
1994,9,mid,26,48.62,EIA
1995,9,mid,26,19.24,EIA
1996,9,mid,26,27.54,EIA_Difference
1997,9,mid,26,17.06,EIA_Difference
1998,9,mid,26,18.24,EIA_Difference
1999,9,mid,26,12.78,EIA_Difference
2000,9,mid,26,21.41,EIA_Difference
2001,9,mid,26,20.95,EIA_Difference
2002,9,mid,26,40.58,EIA_Difference
2003,9,mid,26,14.59,EIA_Difference
2004,9,mid,26,32.36,EIA_Difference
2005,9,mid,26,21.17,EIA_Difference
2006,9,mid,26,59.61,Current
2007,9,mid,26,29.23,Current
2008,9,mid,26,32.2,Current
2009,9,mid,26,12.13,Current
2010,9,mid,26,36.53,Current
2011,9,mid,26,25.06,Current
2012,9,mid,26,30.82,Current
2013,9,mid,26,2.06,Current
2014,9,mid,26,8.74,Current
2015,9,mid,26,12.95,Current
2016,9,mid,26,109.51,Current
2017,9,mid,26,12.6,Current
2018,9,mid,26,195.27,Current
2019,9,mid,26,21.2,Current
1959,9,late,27,25.26,EIA
1960,9,late,27,55.21,EIA
1961,9,late,27,129.12,EIA
1962,9,late,27,19.6,EIA
1963,9,late,27,20.1,EIA
1964,9,late,27,40.27,EIA
1965,9,late,27,12.04,EIA
1966,9,late,27,25.39,EIA
1967,9,late,27,12.51,EIA
1968,9,late,27,175.4,EIA
1969,9,late,27,56.48,EIA
1970,9,late,27,12.9,EIA
1971,9,late,27,30.47,EIA
1972,9,late,27,11.6,EIA
1973,9,late,27,19.26,EIA
1974,9,late,27,60.9,EIA
1975,9,late,27,72.88,EIA
1976,9,late,27,44.75,EIA
1977,9,late,27,144.74,EIA
1978,9,late,27,19.47,EIA
1979,9,late,27,15.61,EIA
1980,9,late,27,43.21,EIA
1981,9,late,27,102.68,EIA
1982,9,late,27,12.23,EIA
1983,9,late,27,12.35,EIA
1984,9,late,27,36.96,EIA
1985,9,late,27,79.07,EIA
1986,9,late,27,39.96,EIA
1987,9,late,27,23.95,EIA
1988,9,late,27,101.49,EIA
1989,9,late,27,44.06,EIA
1990,9,late,27,29.32,EIA
1991,9,late,27,100.56,EIA
1992,9,late,27,220.79,EIA
1993,9,late,27,37.5,EIA
1994,9,late,27,12.2,EIA
1995,9,late,27,67.78,EIA
1996,9,late,27,13.35,EIA_Difference
1997,9,late,27,11.42,EIA_Difference
1998,9,late,27,13.11,EIA_Difference
1999,9,late,27,21.69,EIA_Difference
2000,9,late,27,13.38,EIA_Difference
2001,9,late,27,245.7,EIA_Difference
2002,9,late,27,10.86,EIA_Difference
2003,9,late,27,49.36,EIA_Difference
2004,9,late,27,14.44,EIA_Difference
2005,9,late,27,169.62,EIA_Difference
2006,9,late,27,29.56,Current
2007,9,late,27,92.44,Current
2008,9,late,27,80.12,Current
2009,9,late,27,17.01,Current
2010,9,late,27,38.82,Current
2011,9,late,27,25.05,Current
2012,9,late,27,30.74,Current
2013,9,late,27,221.82,Current
2014,9,late,27,58.69,Current
2015,9,late,27,19.1,Current
2016,9,late,27,104.23,Current
2017,9,late,27,11.09,Current
2018,9,late,27,71.03,Current
2019,9,late,27,15.3,Current
1959,10,early,28,19.21,EIA
1960,10,early,28,22.25,EIA
1961,10,early,28,66.45,EIA
1962,10,early,28,122.57,EIA
1963,10,early,28,20.39,EIA
1964,10,early,28,43.7,EIA
1965,10,early,28,18.06,EIA
1966,10,early,28,15.2,EIA
1967,10,early,28,12.57,EIA
1968,10,early,28,131.3,EIA
1969,10,early,28,182.35,EIA
1970,10,early,28,56.81,EIA
1971,10,early,28,122.76,EIA
1972,10,early,28,11.64,EIA
1973,10,early,28,126.44,EIA
1974,10,early,28,85.71,EIA
1975,10,early,28,38.87,EIA
1976,10,early,28,26.17,EIA
1977,10,early,28,47.83,EIA
1978,10,early,28,15.98,EIA
1979,10,early,28,12.36,EIA
1980,10,early,28,21.15,EIA
1981,10,early,28,39.46,EIA
1982,10,early,28,9.82,EIA
1983,10,early,28,15.53,EIA
1984,10,early,28,12.04,EIA
1985,10,early,28,70.12,EIA
1986,10,early,28,14.98,EIA
1987,10,early,28,13.04,EIA
1988,10,early,28,45.05,EIA
1989,10,early,28,34.8,EIA
1990,10,early,28,22.98,EIA
1991,10,early,28,91.46,EIA
1992,10,early,28,30.88,EIA
1993,10,early,28,37.12,EIA
1994,10,early,28,10.61,EIA
1995,10,early,28,34.66,EIA
1996,10,early,28,10.29,EIA_Difference
1997,10,early,28,14.09,EIA_Difference
1998,10,early,28,22.83,EIA_Difference
1999,10,early,28,35.59,EIA_Difference
2000,10,early,28,12.06,EIA_Difference
2001,10,early,28,97.86,EIA_Difference
2002,10,early,28,18.12,EIA_Difference
2003,10,early,28,29.45,EIA_Difference
2004,10,early,28,12.96,EIA_Difference
2005,10,early,28,78.67,EIA_Difference
2006,10,early,28,22.59,Current
2007,10,early,28,42.48,Current
2008,10,early,28,24.77,Current
2009,10,early,28,46.15,Current
2010,10,early,28,32.79,Current
2011,10,early,28,154.21,Current
2012,10,early,28,17.16,Current
2013,10,early,28,27.59,Current
2014,10,early,28,22.77,Current
2015,10,early,28,11.44,Current
2016,10,early,28,175.03,Current
2017,10,early,28,35.71,Current
2018,10,early,28,36.82,Current
2019,10,early,28,13.59,Current
1959,10,mid,29,10,EIA
1960,10,mid,29,14.46,EIA
1961,10,mid,29,35.52,EIA
1962,10,mid,29,22.48,EIA
1963,10,mid,29,35.22,EIA
1964,10,mid,29,13.72,EIA
1965,10,mid,29,88.87,EIA
1966,10,mid,29,15.78,EIA
1967,10,mid,29,12.32,EIA
1968,10,mid,29,81.47,EIA
1969,10,mid,29,54.94,EIA
1970,10,mid,29,36.21,EIA
1971,10,mid,29,59.64,EIA
1972,10,mid,29,39.15,EIA
1973,10,mid,29,10.25,EIA
1974,10,mid,29,82.18,EIA
1975,10,mid,29,179.9,EIA
1976,10,mid,29,83.08,EIA
1977,10,mid,29,17.92,EIA
1978,10,mid,29,28.22,EIA
1979,10,mid,29,45.22,EIA
1980,10,mid,29,9.42,EIA
1981,10,mid,29,15.23,EIA
1982,10,mid,29,18.49,EIA
1983,10,mid,29,8.93,EIA
1984,10,mid,29,10,EIA
1985,10,mid,29,8.65,EIA
1986,10,mid,29,20.06,EIA
1987,10,mid,29,12.18,EIA
1988,10,mid,29,10.22,EIA
1989,10,mid,29,41.9,EIA
1990,10,mid,29,16.7,EIA
1991,10,mid,29,22.1,EIA
1992,10,mid,29,19.62,EIA
1993,10,mid,29,19.93,EIA
1994,10,mid,29,22.13,EIA
1995,10,mid,29,10.53,EIA
1996,10,mid,29,25.66,EIA_Difference
1997,10,mid,29,12.81,EIA_Difference
1998,10,mid,29,13.44,EIA_Difference
1999,10,mid,29,212.25,EIA_Difference
2000,10,mid,29,28.39,EIA_Difference
2001,10,mid,29,25.25,EIA_Difference
2002,10,mid,29,43.2,EIA_Difference
2003,10,mid,29,24.62,EIA_Difference
2004,10,mid,29,22.86,EIA_Difference
2005,10,mid,29,43.43,EIA_Difference
2006,10,mid,29,17.67,Current
2007,10,mid,29,32.31,Current
2008,10,mid,29,17.28,Current
2009,10,mid,29,16.2,Current
2010,10,mid,29,51.29,Current
2011,10,mid,29,42.39,Current
2012,10,mid,29,12.64,Current
2013,10,mid,29,20.49,Current
2014,10,mid,29,11.61,Current
2015,10,mid,29,10.03,Current
2016,10,mid,29,75.8,Current
2017,10,mid,29,383.45,Current
2018,10,mid,29,35.18,Current
2019,10,mid,29,11.71,Current
1959,10,late,30,12.06,EIA
1960,10,late,30,21.77,EIA
1961,10,late,30,13.28,EIA
1962,10,late,30,19.89,EIA
1963,10,late,30,10.91,EIA
1964,10,late,30,39.64,EIA
1965,10,late,30,10.93,EIA
1966,10,late,30,10.79,EIA
1967,10,late,30,69.45,EIA
1968,10,late,30,28.91,EIA
1969,10,late,30,19.45,EIA
1970,10,late,30,32.4,EIA
1971,10,late,30,16.51,EIA
1972,10,late,30,9.17,EIA
1973,10,late,30,40.4,EIA
1974,10,late,30,166.27,EIA
1975,10,late,30,69.73,EIA
1976,10,late,30,15.51,EIA
1977,10,late,30,19.76,EIA
1978,10,late,30,35.3,EIA
1979,10,late,30,8.89,EIA
1980,10,late,30,14.65,EIA
1981,10,late,30,14.46,EIA
1982,10,late,30,7.39,EIA
1983,10,late,30,24.45,EIA
1984,10,late,30,83.45,EIA
1985,10,late,30,9.44,EIA
1986,10,late,30,12.02,EIA
1987,10,late,30,119.21,EIA
1988,10,late,30,179.15,EIA
1989,10,late,30,13.35,EIA
1990,10,late,30,16.78,EIA
1991,10,late,30,35.65,EIA
1992,10,late,30,15.07,EIA
1993,10,late,30,10.81,EIA
1994,10,late,30,9.96,EIA
1995,10,late,30,14.01,EIA
1996,10,late,30,9.62,EIA_Difference
1997,10,late,30,11.36,EIA_Difference
1998,10,late,30,220.75,EIA_Difference
1999,10,late,30,11.34,EIA_Difference
2000,10,late,30,94.51,EIA_Difference
2001,10,late,30,20.15,EIA_Difference
2002,10,late,30,12.3,EIA_Difference
2003,10,late,30,15.66,EIA_Difference
2004,10,late,30,12.38,EIA_Difference
2005,10,late,30,24.9,EIA_Difference
2006,10,late,30,9.81,Current
2007,10,late,30,18.78,Current
2008,10,late,30,16.07,Current
2009,10,late,30,9.73,Current
2010,10,late,30,57.79,Current
2011,10,late,30,24.93,Current
2012,10,late,30,11.39,Current
2013,10,late,30,8.9,Current
2014,10,late,30,11.98,Current
2015,10,late,30,11.68,Current
2016,10,late,30,75.9,Current
2017,10,late,30,59.3,Current
2018,10,late,30,22.54,Current
2019,10,late,30,9,Current
1959,11,early,31,9.6,EIA
1960,11,early,31,18.59,EIA
1961,11,early,31,10.34,EIA
1962,11,early,31,15.04,EIA
1963,11,early,31,9.64,EIA
1964,11,early,31,26.1,EIA
1965,11,early,31,11.15,EIA
1966,11,early,31,8.57,EIA
1967,11,early,31,42.38,EIA
1968,11,early,31,18.56,EIA
1969,11,early,31,14.09,EIA
1970,11,early,31,20.8,EIA
1971,11,early,31,19.21,EIA
1972,11,early,31,10.02,EIA
1973,11,early,31,24.2,EIA
1974,11,early,31,240.8,EIA
1975,11,early,31,30.55,EIA
1976,11,early,31,13,EIA
1977,11,early,31,21.98,EIA
1978,11,early,31,23.41,EIA
1979,11,early,31,8.38,EIA
1980,11,early,31,14.38,EIA
1981,11,early,31,13.68,EIA
1982,11,early,31,8.23,EIA
1983,11,early,31,24.16,EIA
1984,11,early,31,51.21,EIA
1985,11,early,31,7.89,EIA
1986,11,early,31,10.66,EIA
1987,11,early,31,28.05,EIA
1988,11,early,31,13.3,EIA
1989,11,early,31,11.48,EIA
1990,11,early,31,12.96,EIA
1991,11,early,31,30.98,EIA
1992,11,early,31,10.8,EIA
1993,11,early,31,11,EIA
1994,11,early,31,7.04,EIA
1995,11,early,31,21.22,EIA
1996,11,early,31,89.19,EIA_Difference
1997,11,early,31,8.85,EIA_Difference
1998,11,early,31,33.08,EIA_Difference
1999,11,early,31,14.04,EIA_Difference
2000,11,early,31,114.14,EIA_Difference
2001,11,early,31,15.47,EIA_Difference
2002,11,early,31,13.82,EIA_Difference
2003,11,early,31,34.34,EIA_Difference
2004,11,early,31,12.46,EIA_Difference
2005,11,early,31,22.03,EIA_Difference
2006,11,early,31,10.21,Current
2007,11,early,31,26.95,Current
2008,11,early,31,14.4,Current
2009,11,early,31,9.57,Current
2010,11,early,31,28.81,Current
2011,11,early,31,27.95,Current
2012,11,early,31,12.46,Current
2013,11,early,31,10.91,Current
2014,11,early,31,10.98,Current
2015,11,early,31,26.6,Current
2016,11,early,31,27.33,Current
2017,11,early,31,12.06,Current
2018,11,early,31,59.01,Current
2019,11,early,31,12.48,Current
1959,11,mid,32,11,EIA
1960,11,mid,32,46.74,EIA
1961,11,mid,32,11.82,EIA
1962,11,mid,32,9.44,EIA
1963,11,mid,32,14.15,EIA
1964,11,mid,32,9.29,EIA
1965,11,mid,32,22.13,EIA
1966,11,mid,32,29,EIA
1967,11,mid,32,9.08,EIA
1968,11,mid,32,68.85,EIA
1969,11,mid,32,14.74,EIA
1970,11,mid,32,12.11,EIA
1971,11,mid,32,17.06,EIA
1972,11,mid,32,17.6,EIA
1973,11,mid,32,10.88,EIA
1974,11,mid,32,21.07,EIA
1975,11,mid,32,135.23,EIA
1976,11,mid,32,19.28,EIA
1977,11,mid,32,13.87,EIA
1978,11,mid,32,44.54,EIA
1979,11,mid,32,21.54,EIA
1980,11,mid,32,13.64,EIA
1981,11,mid,32,13.34,EIA
1982,11,mid,32,11.46,EIA
1983,11,mid,32,8.08,EIA
1984,11,mid,32,11,EIA
1985,11,mid,32,16.31,EIA
1986,11,mid,32,7.64,EIA
1987,11,mid,32,25.02,EIA
1988,11,mid,32,22.53,EIA
1989,11,mid,32,21.9,EIA
1990,11,mid,32,11.12,EIA
1991,11,mid,32,11.42,EIA
1992,11,mid,32,15.73,EIA
1993,11,mid,32,15.07,EIA
1994,11,mid,32,8.8,EIA
1995,11,mid,32,5.04,EIA
1996,11,mid,32,12.52,EIA_Difference
1997,11,mid,32,67.36,EIA_Difference
1998,11,mid,32,6.54,EIA_Difference
1999,11,mid,32,16.05,EIA_Difference
2000,11,mid,32,13.58,EIA_Difference
2001,11,mid,32,31.5,EIA_Difference
2002,11,mid,32,14.15,EIA_Difference
2003,11,mid,32,7.65,EIA_Difference
2004,11,mid,32,47.76,EIA_Difference
2005,11,mid,32,15.5,EIA_Difference
2006,11,mid,32,8.38,Current
2007,11,mid,32,22.42,Current
2008,11,mid,32,10.47,Current
2009,11,mid,32,9.3,Current
2010,11,mid,32,25.16,Current
2011,11,mid,32,60.89,Current
2012,11,mid,32,14.18,Current
2013,11,mid,32,3.95,Current
2014,11,mid,32,11.25,Current
2015,11,mid,32,15.61,Current
2016,11,mid,32,18.21,Current
2017,11,mid,32,50.65,Current
2018,11,mid,32,20.47,Current
2019,11,mid,32,8.27,Current
1959,11,late,33,38.59,EIA
1960,11,late,33,11.03,EIA
1961,11,late,33,10.35,EIA
1962,11,late,33,12.32,EIA
1963,11,late,33,8.89,EIA
1964,11,late,33,15.75,EIA
1965,11,late,33,20.63,EIA
1966,11,late,33,10.43,EIA
1967,11,late,33,41.69,EIA
1968,11,late,33,10.82,EIA
1969,11,late,33,14.13,EIA
1970,11,late,33,15.52,EIA
1971,11,late,33,15.32,EIA
1972,11,late,33,11.64,EIA
1973,11,late,33,16.34,EIA
1974,11,late,33,44.47,EIA
1975,11,late,33,16.03,EIA
1976,11,late,33,12.44,EIA
1977,11,late,33,26.32,EIA
1978,11,late,33,21.19,EIA
1979,11,late,33,11.82,EIA
1980,11,late,33,15.65,EIA
1981,11,late,33,13.13,EIA
1982,11,late,33,6.83,EIA
1983,11,late,33,11.11,EIA
1984,11,late,33,7.51,EIA
1985,11,late,33,8.01,EIA
1986,11,late,33,27.68,EIA
1987,11,late,33,17.78,EIA
1988,11,late,33,17.38,EIA
1989,11,late,33,11.36,EIA
1990,11,late,33,8.91,EIA
1991,11,late,33,15.07,EIA
1992,11,late,33,14.78,EIA
1993,11,late,33,11.51,EIA
1994,11,late,33,6.16,EIA
1995,11,late,33,11.4,EIA
1996,11,late,33,31.21,EIA_Difference
1997,11,late,33,8.15,EIA_Difference
1998,11,late,33,18.55,EIA_Difference
1999,11,late,33,12.52,EIA_Difference
2000,11,late,33,18.93,EIA_Difference
2001,11,late,33,11.4,EIA_Difference
2002,11,late,33,7.49,EIA_Difference
2003,11,late,33,20.27,EIA_Difference
2004,11,late,33,10.08,EIA_Difference
2005,11,late,33,14.95,EIA_Difference
2006,11,late,33,8.52,Current
2007,11,late,33,107.21,Current
2008,11,late,33,14.79,Current
2009,11,late,33,8.75,Current
2010,11,late,33,18.22,Current
2011,11,late,33,31.22,Current
2012,11,late,33,13.4,Current
2013,11,late,33,3.77,Current
2014,11,late,33,26.39,Current
2015,11,late,33,25.85,Current
2016,11,late,33,23.88,Current
2017,11,late,33,31.76,Current
2018,11,late,33,16.25,Current
2019,11,late,33,7.25,Current
1959,12,early,34,18.54,EIA
1960,12,early,34,10.49,EIA
1961,12,early,34,10.17,EIA
1962,12,early,34,10.88,EIA
1963,12,early,34,13.08,EIA
1964,12,early,34,13.62,EIA
1965,12,early,34,14.76,EIA
1966,12,early,34,10.87,EIA
1967,12,early,34,24.02,EIA
1968,12,early,34,9.73,EIA
1969,12,early,34,11.68,EIA
1970,12,early,34,15.46,EIA
1971,12,early,34,18.48,EIA
1972,12,early,34,9.69,EIA
1973,12,early,34,9.04,EIA
1974,12,early,34,33.68,EIA
1975,12,early,34,12.29,EIA
1976,12,early,34,10.38,EIA
1977,12,early,34,15.67,EIA
1978,12,early,34,15.01,EIA
1979,12,early,34,8.9,EIA
1980,12,early,34,9.5,EIA
1981,12,early,34,12.45,EIA
1982,12,early,34,6.83,EIA
1983,12,early,34,8.87,EIA
1984,12,early,34,5.88,EIA
1985,12,early,34,5.92,EIA
1986,12,early,34,16.51,EIA
1987,12,early,34,14.62,EIA
1988,12,early,34,12.88,EIA
1989,12,early,34,10.82,EIA
1990,12,early,34,8.92,EIA
1991,12,early,34,12.08,EIA
1992,12,early,34,10,EIA
1993,12,early,34,11.43,EIA
1994,12,early,34,6.8,EIA
1995,12,early,34,9.06,EIA
1996,12,early,34,15.96,EIA_Difference
1997,12,early,34,8.36,EIA_Difference
1998,12,early,34,14.61,EIA_Difference
1999,12,early,34,12.82,EIA_Difference
2000,12,early,34,18.93,EIA_Difference
2001,12,early,34,13.97,EIA_Difference
2002,12,early,34,9.84,EIA_Difference
2003,12,early,34,30.79,EIA_Difference
2004,12,early,34,192.06,EIA_Difference
2005,12,early,34,14.54,EIA_Difference
2006,12,early,34,11.2,Current
2007,12,early,34,46.16,Current
2008,12,early,34,14.33,Current
2009,12,early,34,8.38,Current
2010,12,early,34,12.56,Current
2011,12,early,34,24.63,Current
2012,12,early,34,19.26,Current
2013,12,early,34,1.88,Current
2014,12,early,34,10.76,Current
2015,12,early,34,10.75,Current
2016,12,early,34,27.54,Current
2017,12,early,34,26.33,Current
2018,12,early,34,8.85,Current
2019,12,early,34,12.9,Current
1959,12,mid,35,12,EIA
1960,12,mid,35,15.55,EIA
1961,12,mid,35,9.3,EIA
1962,12,mid,35,8.61,EIA
1963,12,mid,35,9.39,EIA
1964,12,mid,35,14.52,EIA
1965,12,mid,35,12.85,EIA
1966,12,mid,35,12.72,EIA
1967,12,mid,35,8.96,EIA
1968,12,mid,35,19.69,EIA
1969,12,mid,35,9.5,EIA
1970,12,mid,35,10.79,EIA
1971,12,mid,35,15,EIA
1972,12,mid,35,14.28,EIA
1973,12,mid,35,7.71,EIA
1974,12,mid,35,9.01,EIA
1975,12,mid,35,29.52,EIA
1976,12,mid,35,18.24,EIA
1977,12,mid,35,8.03,EIA
1978,12,mid,35,15.92,EIA
1979,12,mid,35,13.24,EIA
1980,12,mid,35,9.01,EIA
1981,12,mid,35,7.29,EIA
1982,12,mid,35,9.92,EIA
1983,12,mid,35,6.67,EIA
1984,12,mid,35,12,EIA
1985,12,mid,35,5.49,EIA
1986,12,mid,35,5.89,EIA
1987,12,mid,35,12.7,EIA
1988,12,mid,35,13.25,EIA
1989,12,mid,35,9.63,EIA
1990,12,mid,35,9.68,EIA
1991,12,mid,35,7.98,EIA
1992,12,mid,35,11.56,EIA
1993,12,mid,35,8.48,EIA
1994,12,mid,35,9.52,EIA
1995,12,mid,35,7.77,EIA
1996,12,mid,35,7.65,EIA_Difference
1997,12,mid,35,11.48,EIA_Difference
1998,12,mid,35,5.6,EIA_Difference
1999,12,mid,35,11.41,EIA_Difference
2000,12,mid,35,14.02,EIA_Difference
2001,12,mid,35,17.73,EIA_Difference
2002,12,mid,35,13.93,EIA_Difference
2003,12,mid,35,9.16,EIA_Difference
2004,12,mid,35,31.92,EIA_Difference
2005,12,mid,35,14.84,EIA_Difference
2006,12,mid,35,10.55,Current
2007,12,mid,35,26.47,Current
2008,12,mid,35,11.02,Current
2009,12,mid,35,8.18,Current
2010,12,mid,35,12.6,Current
2011,12,mid,35,22.48,Current
2012,12,mid,35,15.93,Current
2013,12,mid,35,5.2,Current
2014,12,mid,35,10.92,Current
2015,12,mid,35,13.47,Current
2016,12,mid,35,20.27,Current
2017,12,mid,35,20.92,Current
2018,12,mid,35,9.5,Current
2019,12,mid,35,10.21,Current
1959,12,late,36,14.44,EIA
1960,12,late,36,8.97,EIA
1961,12,late,36,8.87,EIA
1962,12,late,36,7.95,EIA
1963,12,late,36,11.78,EIA
1964,12,late,36,10.96,EIA
1965,12,late,36,10.46,EIA
1966,12,late,36,9.23,EIA
1967,12,late,36,15.04,EIA
1968,12,late,36,8.56,EIA
1969,12,late,36,10.05,EIA
1970,12,late,36,13.92,EIA
1971,12,late,36,12.96,EIA
1972,12,late,36,8.74,EIA
1973,12,late,36,10.1,EIA
1974,12,late,36,27.01,EIA
1975,12,late,36,16.14,EIA
1976,12,late,36,6.65,EIA
1977,12,late,36,14.45,EIA
1978,12,late,36,12.15,EIA
1979,12,late,36,8.29,EIA
1980,12,late,36,7.95,EIA
1981,12,late,36,9.19,EIA
1982,12,late,36,7.27,EIA
1983,12,late,36,6.67,EIA
1984,12,late,36,5.59,EIA
1985,12,late,36,5.25,EIA
1986,12,late,36,11.2,EIA
1987,12,late,36,9.53,EIA
1988,12,late,36,6.69,EIA
1989,12,late,36,13.89,EIA
1990,12,late,36,7.57,EIA
1991,12,late,36,13.03,EIA
1992,12,late,36,7.56,EIA
1993,12,late,36,8.29,EIA
1994,12,late,36,9.16,EIA
1995,12,late,36,7.91,EIA
1996,12,late,36,11.11,EIA_Difference
1997,12,late,36,6.15,EIA_Difference
1998,12,late,36,16.75,EIA_Difference
1999,12,late,36,10.72,EIA_Difference
2000,12,late,36,11.7,EIA_Difference
2001,12,late,36,10.6,EIA_Difference
2002,12,late,36,11.42,EIA_Difference
2003,12,late,36,28.15,EIA_Difference
2004,12,late,36,15.65,EIA_Difference
2005,12,late,36,11.82,EIA_Difference
2006,12,late,36,7.23,Current
2007,12,late,36,18.37,Current
2008,12,late,36,7.87,Current
2009,12,late,36,8.73,Current
2010,12,late,36,12.34,Current
2011,12,late,36,16.18,Current
2012,12,late,36,13.2,Current
2013,12,late,36,2.11,Current
2014,12,late,36,10.67,Current
2015,12,late,36,9.84,Current
2016,12,late,36,24.36,Current
2017,12,late,36,20.36,Current
2018,12,late,36,11.56,Current
2019,12,late,36,10.61,Current
